epoch,train_loss,test_loss,test_accuracy
1,0.5123323798179626,0.3323044677734375,0.906
2,0.2457534372806549,0.2503813751220703,0.9254
3,0.13912031054496765,0.21006292724609374,0.9379
4,0.0940764993429184,0.1767068115234375,0.9475
5,0.4318615794181824,0.15111937789916993,0.955
